test,symbol,date,reason
action reconciliation,TKO,2014-05-16,reviewed 2026-10-05: single-name event move of -43.0% with no split in the vendor table
action reconciliation,BLDR,2015-04-13,reviewed 2026-10-05: single-name event move of 68.0% with no split in the vendor table
action reconciliation,GMCR,2015-12-07,reviewed 2026-10-05: single-name event move of 72.0% with no split in the vendor table
action reconciliation,BTUUQ,2016-03-16,reviewed 2026-10-05: distressed or post-failure trading (bankruptcy); move of -45.0% is as traded
action reconciliation,BTUUQ,2016-04-14,reviewed 2026-10-05: distressed or post-failure trading (bankruptcy); move of -60.0% is as traded
action reconciliation,BTUUQ,2016-10-21,reviewed 2026-10-05: distressed or post-failure trading (bankruptcy); move of 69.0% is as traded
action reconciliation,BTUUQ,2017-01-20,reviewed 2026-10-05: distressed or post-failure trading (bankruptcy); move of -57.0% is as traded
action reconciliation,BTUUQ,2017-03-30,reviewed 2026-10-05: distressed or post-failure trading (bankruptcy); move of -46.0% is as traded
action reconciliation,BTUUQ,2017-03-31,reviewed 2026-10-05: distressed or post-failure trading (bankruptcy); move of -60.0% is as traded
action reconciliation,BTUUQ,2017-04-03,reviewed 2026-10-05: distressed or post-failure trading (bankruptcy); move of -44.0% is as traded
action reconciliation,FOSL,2018-02-14,reviewed 2026-10-05: single-name event move of 88.0% with no split in the vendor table
action reconciliation,NKTR,2018-06-04,reviewed 2026-10-05: single-name event move of -42.0% with no split in the vendor table
action reconciliation,SMCI,2018-10-04,reviewed 2026-10-05: single-name event move of -41.0% with no split in the vendor table
action reconciliation,PCG,2019-01-14,reviewed 2026-10-05: single-name event move of -52.0% with no split in the vendor table
action reconciliation,PCG,2019-01-24,reviewed 2026-10-05: single-name event move of 75.0% with no split in the vendor table
action reconciliation,WINMQ,2019-02-19,reviewed 2026-10-05: distressed or post-failure trading (bankruptcy); move of -61.0% is as traded
action reconciliation,WINMQ,2019-02-25,reviewed 2026-10-05: distressed or post-failure trading (bankruptcy); move of -47.0% is as traded
action reconciliation,TFCF,2019-03-19,DATA ERROR kept: vendor encodes the Fox Corp separation as a 0.736817 split with no price move; a holder loses ~26% here
action reconciliation,TFCFA,2019-03-19,DATA ERROR kept: vendor encodes the Fox Corp separation as a 0.736817 split with no price move; a holder loses ~26% here
action reconciliation,MNKKQ,2019-09-10,reviewed 2026-10-05: distressed or post-failure trading (bankruptcy); move of 85.0% is as traded
action reconciliation,APA,2020-03-09,reviewed 2026-10-05: COVID-19 and oil-price crash; move of -54.0%
action reconciliation,FANG,2020-03-09,reviewed 2026-10-05: COVID-19 and oil-price crash; move of -45.0%
action reconciliation,MRO,2020-03-09,reviewed 2026-10-05: COVID-19 and oil-price crash; move of -47.0%
action reconciliation,MUR,2020-03-09,reviewed 2026-10-05: COVID-19 and oil-price crash; move of -42.0%
action reconciliation,NBR,2020-03-09,reviewed 2026-10-05: distressed or post-failure trading (sub-dollar); move of -47.0% is as traded
action reconciliation,OXY,2020-03-09,reviewed 2026-10-05: COVID-19 and oil-price crash; move of -50.0%
action reconciliation,QEP,2020-03-09,reviewed 2026-10-05: COVID-19 and oil-price crash; move of -59.0%
action reconciliation,TRGP,2020-03-09,reviewed 2026-10-05: COVID-19 and oil-price crash; move of -53.0%
action reconciliation,VALPQ,2020-03-09,reviewed 2026-10-05: distressed or post-failure trading (bankruptcy); move of -47.0% is as traded
action reconciliation,WPX,2020-03-09,reviewed 2026-10-05: COVID-19 and oil-price crash; move of -46.0%
action reconciliation,VALPQ,2020-03-11,reviewed 2026-10-05: distressed or post-failure trading (bankruptcy); move of -40.0% is as traded
action reconciliation,CHKAQ,2020-03-13,reviewed 2026-10-05: distressed or post-failure trading (bankruptcy); move of 96.0% is as traded
action reconciliation,DOFSQ,2020-03-13,reviewed 2026-10-05: distressed or post-failure trading (bankruptcy); move of 165.0% is as traded
action reconciliation,MNKKQ,2020-03-16,reviewed 2026-10-05: distressed or post-failure trading (bankruptcy); move of -41.0% is as traded
action reconciliation,PENN,2020-03-16,reviewed 2026-10-05: COVID-19 and oil-price crash; move of -45.0%
action reconciliation,FLR,2020-03-19,reviewed 2026-10-05: COVID-19 and oil-price crash; move of 76.0%
action reconciliation,FTRCQ,2020-03-20,reviewed 2026-10-05: distressed or post-failure trading (bankruptcy); move of 279.0% is as traded
action reconciliation,FTRCQ,2020-03-23,reviewed 2026-10-05: distressed or post-failure trading (bankruptcy); move of -57.0% is as traded
action reconciliation,CHKAQ,2020-04-15,reviewed 2026-10-05: split with a same-day price move of -38.0% after the factor; kept as traded
action reconciliation,FTRCQ,2020-04-24,reviewed 2026-10-05: distressed or post-failure trading (bankruptcy); move of -54.0% is as traded
action reconciliation,DOFSQ,2020-04-28,reviewed 2026-10-05: distressed or post-failure trading (bankruptcy); move of -83.0% is as traded
action reconciliation,DOFSQ,2020-04-29,reviewed 2026-10-05: distressed or post-failure trading (bankruptcy); move of 89.0% is as traded
action reconciliation,CHKAQ,2020-06-05,reviewed 2026-10-05: distressed or post-failure trading (bankruptcy); move of 77.0% is as traded
action reconciliation,NEBLQ,2020-06-05,reviewed 2026-10-05: distressed or post-failure trading (bankruptcy); move of 75.0% is as traded
action reconciliation,VALPQ,2020-06-05,reviewed 2026-10-05: distressed or post-failure trading (bankruptcy); move of 162.0% is as traded
action reconciliation,CHKAQ,2020-06-08,reviewed 2026-10-05: distressed or post-failure trading (bankruptcy); move of 182.0% is as traded
action reconciliation,DNRCQ,2020-06-08,reviewed 2026-10-05: distressed or post-failure trading (bankruptcy); move of 106.0% is as traded
action reconciliation,DOFSQ,2020-06-08,reviewed 2026-10-05: distressed or post-failure trading (bankruptcy); move of 83.0% is as traded
action reconciliation,NEBLQ,2020-06-08,reviewed 2026-10-05: distressed or post-failure trading (bankruptcy); move of 161.0% is as traded
action reconciliation,VALPQ,2020-06-08,reviewed 2026-10-05: distressed or post-failure trading (bankruptcy); move of 135.0% is as traded
action reconciliation,CHKAQ,2020-06-09,reviewed 2026-10-05: distressed or post-failure trading (bankruptcy); move of -66.0% is as traded
action reconciliation,CHKAQ,2020-06-30,reviewed 2026-10-05: distressed or post-failure trading (bankruptcy); move of -59.0% is as traded
action reconciliation,DNRCQ,2020-07-31,reviewed 2026-10-05: distressed or post-failure trading (bankruptcy); move of -89.0% is as traded
action reconciliation,NEBLQ,2020-08-04,reviewed 2026-10-05: distressed or post-failure trading (bankruptcy); move of -84.0% is as traded
action reconciliation,VALPQ,2020-08-20,reviewed 2026-10-05: distressed or post-failure trading (bankruptcy); move of -68.0% is as traded
action reconciliation,VALPQ,2020-08-21,reviewed 2026-10-05: distressed or post-failure trading (bankruptcy); move of 73.0% is as traded
action reconciliation,MNKKQ,2020-10-13,reviewed 2026-10-05: distressed or post-failure trading (bankruptcy); move of -67.0% is as traded
action reconciliation,MNKKQ,2020-11-23,reviewed 2026-10-05: distressed or post-failure trading (bankruptcy); move of 136.0% is as traded
action reconciliation,NEBLQ,2021-01-14,reviewed 2026-10-05: distressed or post-failure trading (bankruptcy); move of 134.0% is as traded
action reconciliation,GME,2021-01-26,reviewed 2026-10-05: move of 93.0% reversed within five bars (squeeze or print); kept as traded
action reconciliation,PBI,2021-01-26,reviewed 2026-10-05: move of 81.0% reversed within five bars (squeeze or print); kept as traded
action reconciliation,FOSL,2021-01-27,reviewed 2026-10-05: move of 87.0% reversed within five bars (squeeze or print); kept as traded
action reconciliation,GME,2021-01-27,reviewed 2026-10-05: single-name event move of 135.0% with no split in the vendor table
action reconciliation,MNKKQ,2021-01-27,reviewed 2026-10-05: distressed or post-failure trading (bankruptcy); move of 67.0% is as traded
action reconciliation,GME,2021-01-28,reviewed 2026-10-05: single-name event move of -44.0% with no split in the vendor table
action reconciliation,GME,2021-01-29,reviewed 2026-10-05: single-name event move of 68.0% with no split in the vendor table
action reconciliation,GME,2021-02-02,reviewed 2026-10-05: single-name event move of -60.0% with no split in the vendor table
action reconciliation,GME,2021-02-04,reviewed 2026-10-05: single-name event move of -42.0% with no split in the vendor table
action reconciliation,GME,2021-02-24,reviewed 2026-10-05: single-name event move of 104.0% with no split in the vendor table
action reconciliation,FTRCQ,2021-04-27,reviewed 2026-10-05: distressed or post-failure trading (bankruptcy); move of -51.0% is as traded
action reconciliation,EPAM,2022-02-28,reviewed 2026-10-05: single-name event move of -46.0% with no split in the vendor table
action reconciliation,NKTR,2022-03-14,reviewed 2026-10-05: single-name event move of -61.0% with no split in the vendor table
action reconciliation,ENDPQ,2022-05-18,reviewed 2026-10-05: distressed or post-failure trading (bankruptcy); move of -47.0% is as traded
action reconciliation,MNKKQ,2022-06-13,reviewed 2026-10-05: distressed or post-failure trading (bankruptcy); move of -75.0% is as traded
action reconciliation,ENDPQ,2022-06-28,reviewed 2026-10-05: distressed or post-failure trading (bankruptcy); move of 85.0% is as traded
action reconciliation,BBBYQ,2022-08-19,reviewed 2026-10-05: distressed or post-failure trading (bankruptcy); move of -41.0% is as traded
action reconciliation,CVNA,2022-12-07,reviewed 2026-10-05: single-name event move of -43.0% with no split in the vendor table
action reconciliation,BBBYQ,2023-01-11,reviewed 2026-10-05: distressed or post-failure trading (bankruptcy); move of 69.0% is as traded
action reconciliation,BBBYQ,2023-02-06,reviewed 2026-10-05: distressed or post-failure trading (bankruptcy); move of 92.0% is as traded
action reconciliation,BBBYQ,2023-02-07,reviewed 2026-10-05: distressed or post-failure trading (bankruptcy); move of -49.0% is as traded
action reconciliation,NKTR,2023-02-24,reviewed 2026-10-05: single-name event move of -50.0% with no split in the vendor table
action reconciliation,SIVBQ,2023-03-09,reviewed 2026-10-05: distressed or post-failure trading (bankruptcy); move of -60.0% is as traded
action reconciliation,FRCB,2023-03-13,reviewed 2026-10-05: distressed or post-failure trading (sub-dollar); move of -62.0% is as traded
action reconciliation,FRCB,2023-03-20,reviewed 2026-10-05: distressed or post-failure trading (sub-dollar); move of -47.0% is as traded
action reconciliation,SBNY,2023-03-28,reviewed 2026-10-05: distressed or post-failure trading (sub-dollar); move of -100.0% is as traded
action reconciliation,SIVBQ,2023-03-28,reviewed 2026-10-05: distressed or post-failure trading (bankruptcy); move of -100.0% is as traded
action reconciliation,SBNY,2023-03-29,reviewed 2026-10-05: distressed or post-failure trading (sub-dollar); move of 85.0% is as traded
action reconciliation,SIVBQ,2023-03-29,reviewed 2026-10-05: distressed or post-failure trading (bankruptcy); move of 142.0% is as traded
action reconciliation,SIVBQ,2023-04-19,reviewed 2026-10-05: distressed or post-failure trading (bankruptcy); move of 69.0% is as traded
action reconciliation,FRCB,2023-04-25,reviewed 2026-10-05: distressed or post-failure trading (sub-dollar); move of -49.0% is as traded
action reconciliation,BBBYQ,2023-04-26,reviewed 2026-10-05: distressed or post-failure trading (bankruptcy); move of -44.0% is as traded
action reconciliation,FRCB,2023-04-28,reviewed 2026-10-05: distressed or post-failure trading (sub-dollar); move of -43.0% is as traded
action reconciliation,FRCB,2023-05-03,reviewed 2026-10-05: distressed or post-failure trading (sub-dollar); move of -90.0% is as traded
action reconciliation,ENDPQ,2023-06-05,reviewed 2026-10-05: distressed or post-failure trading (bankruptcy); move of 93.0% is as traded
action reconciliation,ENDPQ,2023-06-14,reviewed 2026-10-05: distressed or post-failure trading (bankruptcy); move of -42.0% is as traded
action reconciliation,ENDPQ,2023-06-15,reviewed 2026-10-05: distressed or post-failure trading (bankruptcy); move of 72.0% is as traded
action reconciliation,ENDPQ,2023-06-16,reviewed 2026-10-05: distressed or post-failure trading (bankruptcy); move of -45.0% is as traded
action reconciliation,ENDPQ,2023-06-21,reviewed 2026-10-05: distressed or post-failure trading (bankruptcy); move of -67.0% is as traded
action reconciliation,ENDPQ,2023-06-22,reviewed 2026-10-05: distressed or post-failure trading (bankruptcy); move of 100.0% is as traded
action reconciliation,FRCB,2023-06-28,reviewed 2026-10-05: distressed or post-failure trading (sub-dollar); move of 76.0% is as traded
action reconciliation,ENDPQ,2023-07-20,reviewed 2026-10-05: distressed or post-failure trading (bankruptcy); move of 120.0% is as traded
action reconciliation,ENDPQ,2023-07-24,reviewed 2026-10-05: distressed or post-failure trading (bankruptcy); move of -65.0% is as traded
action reconciliation,ENDPQ,2023-07-25,reviewed 2026-10-05: distressed or post-failure trading (bankruptcy); move of 91.0% is as traded
action reconciliation,SBNY,2023-07-31,reviewed 2026-10-05: distressed or post-failure trading (sub-dollar); move of -44.0% is as traded
action reconciliation,SIVBQ,2023-08-01,reviewed 2026-10-05: distressed or post-failure trading (bankruptcy); move of -41.0% is as traded
action reconciliation,NKTR,2023-08-07,reviewed 2026-10-05: distressed or post-failure trading (sub-dollar); move of 92.0% is as traded
action reconciliation,SBNY,2023-08-10,reviewed 2026-10-05: distressed or post-failure trading (sub-dollar); move of -43.0% is as traded
action reconciliation,SIVBQ,2023-08-14,reviewed 2026-10-05: distressed or post-failure trading (bankruptcy); move of -50.0% is as traded
action reconciliation,SIVBQ,2023-09-11,reviewed 2026-10-05: distressed or post-failure trading (bankruptcy); move of -41.0% is as traded
action reconciliation,SBNY,2023-09-13,reviewed 2026-10-05: distressed or post-failure trading (sub-dollar); move of -48.0% is as traded
action reconciliation,SIVBQ,2023-09-19,reviewed 2026-10-05: distressed or post-failure trading (bankruptcy); move of 190.0% is as traded
action reconciliation,SBNY,2023-09-22,reviewed 2026-10-05: distressed or post-failure trading (sub-dollar); move of -54.0% is as traded
action reconciliation,SBNY,2023-09-26,reviewed 2026-10-05: distressed or post-failure trading (sub-dollar); move of 106.0% is as traded
action reconciliation,BBBYQ,2023-09-27,reviewed 2026-10-05: distressed or post-failure trading (bankruptcy); move of 86.0% is as traded
action reconciliation,ENDPQ,2023-10-04,reviewed 2026-10-05: distressed or post-failure trading (bankruptcy); move of -73.0% is as traded
action reconciliation,SBNY,2023-10-06,reviewed 2026-10-05: distressed or post-failure trading (sub-dollar); move of -52.0% is as traded
action reconciliation,ENDPQ,2023-10-09,reviewed 2026-10-05: distressed or post-failure trading (bankruptcy); move of 158.0% is as traded
action reconciliation,FRCB,2023-10-10,reviewed 2026-10-05: distressed or post-failure trading (sub-dollar); move of -46.0% is as traded
action reconciliation,SBNY,2023-10-19,reviewed 2026-10-05: distressed or post-failure trading (sub-dollar); move of -58.0% is as traded
action reconciliation,SBNY,2023-10-23,reviewed 2026-10-05: distressed or post-failure trading (sub-dollar); move of -56.0% is as traded
action reconciliation,SIVBQ,2023-10-23,reviewed 2026-10-05: distressed or post-failure trading (bankruptcy); move of -58.0% is as traded
action reconciliation,ENDPQ,2023-10-24,reviewed 2026-10-05: distressed or post-failure trading (bankruptcy); move of -56.0% is as traded
action reconciliation,SBNY,2023-10-24,reviewed 2026-10-05: distressed or post-failure trading (sub-dollar); move of 82.0% is as traded
action reconciliation,SIVBQ,2023-10-25,reviewed 2026-10-05: distressed or post-failure trading (bankruptcy); move of 100.0% is as traded
action reconciliation,SIVBQ,2023-10-26,reviewed 2026-10-05: distressed or post-failure trading (bankruptcy); move of -50.0% is as traded
action reconciliation,FRCB,2023-10-31,reviewed 2026-10-05: distressed or post-failure trading (sub-dollar); move of -51.0% is as traded
action reconciliation,SBNY,2023-10-31,reviewed 2026-10-05: distressed or post-failure trading (sub-dollar); move of 85.0% is as traded
action reconciliation,SBNY,2023-11-01,reviewed 2026-10-05: distressed or post-failure trading (sub-dollar); move of -55.0% is as traded
action reconciliation,SBNY,2023-11-02,reviewed 2026-10-05: distressed or post-failure trading (sub-dollar); move of 220.0% is as traded
action reconciliation,SIVBQ,2023-11-02,reviewed 2026-10-05: distressed or post-failure trading (bankruptcy); move of -43.0% is as traded
action reconciliation,FRCB,2023-11-03,reviewed 2026-10-05: distressed or post-failure trading (sub-dollar); move of 106.0% is as traded
action reconciliation,FRCB,2023-11-08,reviewed 2026-10-05: distressed or post-failure trading (sub-dollar); move of 167.0% is as traded
action reconciliation,SBNY,2023-11-08,reviewed 2026-10-05: distressed or post-failure trading (sub-dollar); move of -50.0% is as traded
action reconciliation,FRCB,2023-11-09,reviewed 2026-10-05: distressed or post-failure trading (sub-dollar); move of -50.0% is as traded
action reconciliation,SBNY,2023-11-09,reviewed 2026-10-05: distressed or post-failure trading (sub-dollar); move of -46.0% is as traded
action reconciliation,SIVBQ,2023-11-09,reviewed 2026-10-05: distressed or post-failure trading (bankruptcy); move of 300.0% is as traded
action reconciliation,SBNY,2023-11-10,reviewed 2026-10-05: distressed or post-failure trading (sub-dollar); move of 164.0% is as traded
action reconciliation,SIVBQ,2023-11-10,reviewed 2026-10-05: distressed or post-failure trading (bankruptcy); move of -57.0% is as traded
action reconciliation,ENDPQ,2023-11-13,reviewed 2026-10-05: distressed or post-failure trading (bankruptcy); move of -67.0% is as traded
action reconciliation,SIVBQ,2023-11-14,reviewed 2026-10-05: distressed or post-failure trading (bankruptcy); move of -41.0% is as traded
action reconciliation,ENDPQ,2023-11-15,reviewed 2026-10-05: distressed or post-failure trading (bankruptcy); move of 70.0% is as traded
action reconciliation,SIVBQ,2023-11-15,reviewed 2026-10-05: distressed or post-failure trading (bankruptcy); move of -50.0% is as traded
action reconciliation,ENDPQ,2023-11-16,reviewed 2026-10-05: distressed or post-failure trading (bankruptcy); move of -41.0% is as traded
action reconciliation,SIVBQ,2023-11-16,reviewed 2026-10-05: distressed or post-failure trading (bankruptcy); move of 200.0% is as traded
action reconciliation,SIVBQ,2023-11-20,reviewed 2026-10-05: distressed or post-failure trading (bankruptcy); move of -50.0% is as traded
action reconciliation,SIVBQ,2023-11-21,reviewed 2026-10-05: distressed or post-failure trading (bankruptcy); move of 101.0% is as traded
action reconciliation,SIVBQ,2023-11-22,reviewed 2026-10-05: distressed or post-failure trading (bankruptcy); move of -50.0% is as traded
action reconciliation,SBNY,2023-11-24,reviewed 2026-10-05: distressed or post-failure trading (sub-dollar); move of -82.0% is as traded
action reconciliation,SBNY,2023-11-27,reviewed 2026-10-05: distressed or post-failure trading (sub-dollar); move of 448.0% is as traded
action reconciliation,SIVBQ,2023-11-27,reviewed 2026-10-05: distressed or post-failure trading (bankruptcy); move of 100.0% is as traded
action reconciliation,FRCB,2023-11-28,reviewed 2026-10-05: distressed or post-failure trading (sub-dollar); move of -50.0% is as traded
action reconciliation,FRCB,2023-11-29,reviewed 2026-10-05: distressed or post-failure trading (sub-dollar); move of 70.0% is as traded
action reconciliation,SBNY,2023-11-30,reviewed 2026-10-05: distressed or post-failure trading (sub-dollar); move of 150.0% is as traded
action reconciliation,ENDPQ,2023-12-04,reviewed 2026-10-05: distressed or post-failure trading (bankruptcy); move of -64.0% is as traded
action reconciliation,ENDPQ,2023-12-05,reviewed 2026-10-05: distressed or post-failure trading (bankruptcy); move of 111.0% is as traded
action reconciliation,SBNY,2023-12-05,reviewed 2026-10-05: distressed or post-failure trading (sub-dollar); move of -69.0% is as traded
action reconciliation,SIVBQ,2023-12-05,reviewed 2026-10-05: distressed or post-failure trading (bankruptcy); move of 120.0% is as traded
action reconciliation,SBNY,2023-12-06,reviewed 2026-10-05: distressed or post-failure trading (sub-dollar); move of 80.0% is as traded
action reconciliation,ENDPQ,2023-12-07,reviewed 2026-10-05: distressed or post-failure trading (bankruptcy); move of 92.0% is as traded
action reconciliation,SBNY,2023-12-07,reviewed 2026-10-05: distressed or post-failure trading (sub-dollar); move of 78.0% is as traded
action reconciliation,SIVBQ,2023-12-07,reviewed 2026-10-05: distressed or post-failure trading (bankruptcy); move of -50.0% is as traded
action reconciliation,ENDPQ,2023-12-12,reviewed 2026-10-05: distressed or post-failure trading (bankruptcy); move of -45.0% is as traded
action reconciliation,FRCB,2023-12-12,reviewed 2026-10-05: distressed or post-failure trading (sub-dollar); move of 170.0% is as traded
action reconciliation,SBNY,2023-12-12,reviewed 2026-10-05: distressed or post-failure trading (sub-dollar); move of -56.0% is as traded
action reconciliation,ENDPQ,2023-12-13,reviewed 2026-10-05: distressed or post-failure trading (bankruptcy); move of 82.0% is as traded
action reconciliation,SBNY,2023-12-13,reviewed 2026-10-05: distressed or post-failure trading (sub-dollar); move of 97.0% is as traded
action reconciliation,SIVBQ,2023-12-13,reviewed 2026-10-05: distressed or post-failure trading (bankruptcy); move of 100.0% is as traded
action reconciliation,ENDPQ,2023-12-14,reviewed 2026-10-05: distressed or post-failure trading (bankruptcy); move of -50.0% is as traded
action reconciliation,FRCB,2023-12-14,reviewed 2026-10-05: distressed or post-failure trading (sub-dollar); move of 83.0% is as traded
action reconciliation,SBNY,2023-12-15,reviewed 2026-10-05: distressed or post-failure trading (sub-dollar); move of 150.0% is as traded
action reconciliation,SIVBQ,2023-12-15,reviewed 2026-10-05: distressed or post-failure trading (bankruptcy); move of 143.0% is as traded
action reconciliation,SIVBQ,2023-12-18,reviewed 2026-10-05: distressed or post-failure trading (bankruptcy); move of -60.0% is as traded
action reconciliation,ENDPQ,2023-12-19,reviewed 2026-10-05: distressed or post-failure trading (bankruptcy); move of -45.0% is as traded
action reconciliation,SBNY,2023-12-20,reviewed 2026-10-05: distressed or post-failure trading (sub-dollar); move of 87.0% is as traded
action reconciliation,SIVBQ,2023-12-20,reviewed 2026-10-05: distressed or post-failure trading (bankruptcy); move of 74.0% is as traded
action reconciliation,SBNY,2023-12-28,reviewed 2026-10-05: distressed or post-failure trading (sub-dollar); move of 68.0% is as traded
action reconciliation,ENDPQ,2024-01-02,reviewed 2026-10-05: distressed or post-failure trading (bankruptcy); move of 80.0% is as traded
action reconciliation,FRCB,2024-01-10,reviewed 2026-10-05: distressed or post-failure trading (sub-dollar); move of 132.0% is as traded
action reconciliation,SIVBQ,2024-01-10,reviewed 2026-10-05: distressed or post-failure trading (bankruptcy); move of 186.0% is as traded
action reconciliation,ENDPQ,2024-01-11,reviewed 2026-10-05: distressed or post-failure trading (bankruptcy); move of 80.0% is as traded
action reconciliation,ENDPQ,2024-01-12,reviewed 2026-10-05: distressed or post-failure trading (bankruptcy); move of -89.0% is as traded
action reconciliation,ENDPQ,2024-01-17,reviewed 2026-10-05: distressed or post-failure trading (bankruptcy); move of 100.0% is as traded
action reconciliation,ENDPQ,2024-01-22,reviewed 2026-10-05: distressed or post-failure trading (bankruptcy); move of 100.0% is as traded
action reconciliation,ENDPQ,2024-01-24,reviewed 2026-10-05: distressed or post-failure trading (bankruptcy); move of 80.0% is as traded
action reconciliation,ENDPQ,2024-01-26,reviewed 2026-10-05: distressed or post-failure trading (bankruptcy); move of -68.0% is as traded
action reconciliation,ENDPQ,2024-02-09,reviewed 2026-10-05: distressed or post-failure trading (bankruptcy); move of 117.0% is as traded
action reconciliation,ENDPQ,2024-02-26,reviewed 2026-10-05: distressed or post-failure trading (bankruptcy); move of 138.0% is as traded
action reconciliation,ENDPQ,2024-02-27,reviewed 2026-10-05: distressed or post-failure trading (bankruptcy); move of -47.0% is as traded
action reconciliation,ENDPQ,2024-03-01,reviewed 2026-10-05: distressed or post-failure trading (bankruptcy); move of 400.0% is as traded
action reconciliation,ENDPQ,2024-03-04,reviewed 2026-10-05: distressed or post-failure trading (bankruptcy); move of -76.0% is as traded
action reconciliation,SIVBQ,2024-03-05,reviewed 2026-10-05: distressed or post-failure trading (bankruptcy); move of -98.0% is as traded
action reconciliation,SIVBQ,2024-03-06,reviewed 2026-10-05: distressed or post-failure trading (bankruptcy); move of 5285.0% is as traded
action reconciliation,SIVBQ,2024-03-11,reviewed 2026-10-05: distressed or post-failure trading (bankruptcy); move of -98.0% is as traded
action reconciliation,SIVBQ,2024-03-12,reviewed 2026-10-05: distressed or post-failure trading (bankruptcy); move of 8362.0% is as traded
action reconciliation,SIVBQ,2024-03-15,reviewed 2026-10-05: distressed or post-failure trading (bankruptcy); move of -55.0% is as traded
action reconciliation,ENDPQ,2024-03-19,reviewed 2026-10-05: distressed or post-failure trading (bankruptcy); move of -63.0% is as traded
action reconciliation,SIVBQ,2024-03-27,reviewed 2026-10-05: distressed or post-failure trading (bankruptcy); move of 120.0% is as traded
action reconciliation,SIVBQ,2024-03-28,reviewed 2026-10-05: distressed or post-failure trading (bankruptcy); move of -55.0% is as traded
action reconciliation,ENDPQ,2024-04-05,reviewed 2026-10-05: distressed or post-failure trading (bankruptcy); move of 100.0% is as traded
action reconciliation,ENDPQ,2024-04-08,reviewed 2026-10-05: distressed or post-failure trading (bankruptcy); move of -60.0% is as traded
action reconciliation,ENDPQ,2024-04-09,reviewed 2026-10-05: distressed or post-failure trading (bankruptcy); move of -75.0% is as traded
action reconciliation,ENDPQ,2024-04-10,reviewed 2026-10-05: distressed or post-failure trading (bankruptcy); move of 100.0% is as traded
action reconciliation,GL,2024-04-11,reviewed 2026-10-05: single-name event move of -53.0% with no split in the vendor table
action reconciliation,ENDPQ,2024-04-15,reviewed 2026-10-05: distressed or post-failure trading (bankruptcy); move of 500.0% is as traded
action reconciliation,ENDPQ,2024-04-16,reviewed 2026-10-05: distressed or post-failure trading (bankruptcy); move of 122.0% is as traded
action reconciliation,ENDPQ,2024-04-17,reviewed 2026-10-05: distressed or post-failure trading (bankruptcy); move of -85.0% is as traded
action reconciliation,SIVBQ,2024-04-22,reviewed 2026-10-05: distressed or post-failure trading (bankruptcy); move of 100.0% is as traded
action reconciliation,SIVBQ,2024-04-23,reviewed 2026-10-05: distressed or post-failure trading (bankruptcy); move of -50.0% is as traded
action reconciliation,SIVBQ,2024-05-06,reviewed 2026-10-05: distressed or post-failure trading (bankruptcy); move of 100.0% is as traded
action reconciliation,GME,2024-05-13,reviewed 2026-10-05: single-name event move of 74.0% with no split in the vendor table
action reconciliation,SIVBQ,2024-05-30,reviewed 2026-10-05: distressed or post-failure trading (bankruptcy); move of -50.0% is as traded
action reconciliation,SIVBQ,2024-06-04,reviewed 2026-10-05: distressed or post-failure trading (bankruptcy); move of 100.0% is as traded
action reconciliation,SIVBQ,2024-06-05,reviewed 2026-10-05: distressed or post-failure trading (bankruptcy); move of -50.0% is as traded
action reconciliation,SIVBQ,2024-06-25,reviewed 2026-10-05: distressed or post-failure trading (bankruptcy); move of -67.0% is as traded
action reconciliation,SIVBQ,2024-07-10,reviewed 2026-10-05: distressed or post-failure trading (bankruptcy); move of -56.0% is as traded
action reconciliation,FRCB,2024-07-19,reviewed 2026-10-05: distressed or post-failure trading (sub-dollar); move of -50.0% is as traded
action reconciliation,DXCM,2024-07-26,reviewed 2026-10-05: single-name event move of -41.0% with no split in the vendor table
action reconciliation,SIVBQ,2024-08-05,reviewed 2026-10-05: distressed or post-failure trading (bankruptcy); move of -46.0% is as traded
action reconciliation,LUMN,2024-08-06,reviewed 2026-10-05: single-name event move of 93.0% with no split in the vendor table
action reconciliation,SIVBQ,2024-08-06,reviewed 2026-10-05: distressed or post-failure trading (bankruptcy); move of 82.0% is as traded
action reconciliation,SIVBQ,2024-08-12,reviewed 2026-10-05: distressed or post-failure trading (bankruptcy); move of -45.0% is as traded
action reconciliation,FRCB,2024-08-14,reviewed 2026-10-05: distressed or post-failure trading (sub-dollar); move of 105.0% is as traded
action reconciliation,SIVBQ,2024-08-14,reviewed 2026-10-05: distressed or post-failure trading (bankruptcy); move of -44.0% is as traded
action reconciliation,SIVBQ,2024-08-21,reviewed 2026-10-05: distressed or post-failure trading (bankruptcy); move of 88.0% is as traded
action reconciliation,SIVBQ,2024-09-26,reviewed 2026-10-05: distressed or post-failure trading (bankruptcy); move of -41.0% is as traded
action reconciliation,FRCB,2024-10-10,reviewed 2026-10-05: distressed or post-failure trading (sub-dollar); move of -44.0% is as traded
action reconciliation,SIVBQ,2024-10-11,reviewed 2026-10-05: distressed or post-failure trading (bankruptcy); move of -47.0% is as traded
action reconciliation,FRCB,2024-10-18,reviewed 2026-10-05: distressed or post-failure trading (sub-dollar); move of 98.0% is as traded
action reconciliation,SIVBQ,2024-10-23,reviewed 2026-10-05: distressed or post-failure trading (bankruptcy); move of 88.0% is as traded
action reconciliation,SIVBQ,2024-10-24,reviewed 2026-10-05: distressed or post-failure trading (bankruptcy); move of -47.0% is as traded
action reconciliation,CPRI,2024-10-25,reviewed 2026-10-05: single-name event move of -49.0% with no split in the vendor table
action reconciliation,SIVBQ,2024-11-05,reviewed 2026-10-05: distressed or post-failure trading (bankruptcy); move of 114.0% is as traded
action reconciliation,SIVBQ,2024-11-06,reviewed 2026-10-05: distressed or post-failure trading (bankruptcy); move of -60.0% is as traded
action reconciliation,FRCB,2024-11-19,reviewed 2026-10-05: distressed or post-failure trading (sub-dollar); move of 87.0% is as traded
action reconciliation,FRCB,2024-11-20,reviewed 2026-10-05: distressed or post-failure trading (sub-dollar); move of -61.0% is as traded
action reconciliation,FRCB,2024-11-26,reviewed 2026-10-05: distressed or post-failure trading (sub-dollar); move of 180.0% is as traded
action reconciliation,FRCB,2024-11-27,reviewed 2026-10-05: distressed or post-failure trading (sub-dollar); move of -64.0% is as traded
action reconciliation,FRCB,2024-12-06,reviewed 2026-10-05: distressed or post-failure trading (sub-dollar); move of 158.0% is as traded
action reconciliation,FRCB,2024-12-09,reviewed 2026-10-05: distressed or post-failure trading (sub-dollar); move of -62.0% is as traded
action reconciliation,FRCB,2025-01-21,reviewed 2026-10-05: distressed or post-failure trading (sub-dollar); move of 129.0% is as traded
action reconciliation,FRCB,2025-01-31,reviewed 2026-10-05: distressed or post-failure trading (sub-dollar); move of -55.0% is as traded
action reconciliation,FRCB,2025-02-03,reviewed 2026-10-05: distressed or post-failure trading (sub-dollar); move of 140.0% is as traded
action reconciliation,SNDK,2025-02-13,UNVERIFIED: -53% near the SanDisk separation from WDC (when-issued pricing?); accepted provisionally; needs a news check
action reconciliation,FRCB,2025-04-24,reviewed 2026-10-05: distressed or post-failure trading (sub-dollar); move of 100.0% is as traded
action reconciliation,FRCB,2025-04-29,reviewed 2026-10-05: distressed or post-failure trading (sub-dollar); move of 94.0% is as traded
action reconciliation,FRCB,2025-04-30,reviewed 2026-10-05: distressed or post-failure trading (sub-dollar); move of -42.0% is as traded
action reconciliation,FL,2025-05-15,reviewed 2026-10-05: single-name event move of 86.0% with no split in the vendor table
action reconciliation,FRCB,2025-05-21,reviewed 2026-10-05: distressed or post-failure trading (sub-dollar); move of 540.0% is as traded
action reconciliation,FRCB,2025-05-22,reviewed 2026-10-05: distressed or post-failure trading (sub-dollar); move of -81.0% is as traded
action reconciliation,FRCB,2025-05-23,reviewed 2026-10-05: distressed or post-failure trading (sub-dollar); move of -67.0% is as traded
action reconciliation,FRCB,2025-05-27,reviewed 2026-10-05: distressed or post-failure trading (sub-dollar); move of 100.0% is as traded
action reconciliation,FRCB,2025-06-06,reviewed 2026-10-05: distressed or post-failure trading (sub-dollar); move of -50.0% is as traded
action reconciliation,FRCB,2025-06-10,reviewed 2026-10-05: distressed or post-failure trading (sub-dollar); move of 335.0% is as traded
action reconciliation,FRCB,2025-06-11,reviewed 2026-10-05: distressed or post-failure trading (sub-dollar); move of -65.0% is as traded
action reconciliation,NKTR,2025-06-24,reviewed 2026-10-05: single-name event move of 156.0% with no split in the vendor table
action reconciliation,FRCB,2025-06-30,reviewed 2026-10-05: distressed or post-failure trading (sub-dollar); move of 150.0% is as traded
action reconciliation,FRCB,2025-07-01,reviewed 2026-10-05: distressed or post-failure trading (sub-dollar); move of -61.0% is as traded
action reconciliation,CNC,2025-07-02,reviewed 2026-10-05: single-name event move of -40.0% with no split in the vendor table
action reconciliation,FRCB,2025-07-07,reviewed 2026-10-05: distressed or post-failure trading (sub-dollar); move of -75.0% is as traded
action reconciliation,FRCB,2025-07-09,reviewed 2026-10-05: distressed or post-failure trading (sub-dollar); move of 400.0% is as traded
action reconciliation,FRCB,2025-07-14,reviewed 2026-10-05: distressed or post-failure trading (sub-dollar); move of -68.0% is as traded
action reconciliation,FRCB,2025-07-16,reviewed 2026-10-05: distressed or post-failure trading (sub-dollar); move of 130.0% is as traded
action reconciliation,FRCB,2025-07-24,reviewed 2026-10-05: distressed or post-failure trading (sub-dollar); move of -75.0% is as traded
action reconciliation,FRCB,2025-07-28,reviewed 2026-10-05: distressed or post-failure trading (sub-dollar); move of 150.0% is as traded
action reconciliation,FRCB,2025-08-06,reviewed 2026-10-05: distressed or post-failure trading (sub-dollar); move of -73.0% is as traded
action reconciliation,FRCB,2025-08-07,reviewed 2026-10-05: distressed or post-failure trading (sub-dollar); move of 186.0% is as traded
action reconciliation,FRCB,2025-08-08,reviewed 2026-10-05: distressed or post-failure trading (sub-dollar); move of -50.0% is as traded
action reconciliation,FRCB,2025-08-13,reviewed 2026-10-05: distressed or post-failure trading (sub-dollar); move of 131.0% is as traded
action reconciliation,FRCB,2025-08-15,reviewed 2026-10-05: distressed or post-failure trading (sub-dollar); move of -80.0% is as traded
action reconciliation,FRCB,2025-08-18,reviewed 2026-10-05: distressed or post-failure trading (sub-dollar); move of 160.0% is as traded
action reconciliation,FRCB,2025-08-19,reviewed 2026-10-05: distressed or post-failure trading (sub-dollar); move of -77.0% is as traded
action reconciliation,FRCB,2025-08-20,reviewed 2026-10-05: distressed or post-failure trading (sub-dollar); move of 417.0% is as traded
action reconciliation,FRCB,2025-08-21,reviewed 2026-10-05: distressed or post-failure trading (sub-dollar); move of -68.0% is as traded
action reconciliation,FRCB,2025-08-25,reviewed 2026-10-05: distressed or post-failure trading (sub-dollar); move of 200.0% is as traded
action reconciliation,ECHO,2025-08-26,reviewed 2026-10-05: single-name event move of 70.0% with no split in the vendor table
action reconciliation,FRCB,2025-08-27,reviewed 2026-10-05: distressed or post-failure trading (sub-dollar); move of -50.0% is as traded
action reconciliation,FRCB,2025-09-02,reviewed 2026-10-05: distressed or post-failure trading (sub-dollar); move of -50.0% is as traded
action reconciliation,FRCB,2025-09-03,reviewed 2026-10-05: distressed or post-failure trading (sub-dollar); move of 200.0% is as traded
action reconciliation,FRCB,2025-09-05,reviewed 2026-10-05: distressed or post-failure trading (sub-dollar); move of 100.0% is as traded
action reconciliation,FRCB,2025-09-12,reviewed 2026-10-05: distressed or post-failure trading (sub-dollar); move of -50.0% is as traded
action reconciliation,FRCB,2025-09-15,reviewed 2026-10-05: distressed or post-failure trading (sub-dollar); move of 200.0% is as traded
action reconciliation,FRCB,2025-09-16,reviewed 2026-10-05: distressed or post-failure trading (sub-dollar); move of -67.0% is as traded
action reconciliation,FRCB,2025-09-17,reviewed 2026-10-05: distressed or post-failure trading (sub-dollar); move of 150.0% is as traded
action reconciliation,FRCB,2025-09-23,reviewed 2026-10-05: distressed or post-failure trading (sub-dollar); move of -66.0% is as traded
action reconciliation,FRCB,2025-09-24,reviewed 2026-10-05: distressed or post-failure trading (sub-dollar); move of 150.0% is as traded
action reconciliation,FRCB,2025-09-29,reviewed 2026-10-05: distressed or post-failure trading (sub-dollar); move of -77.0% is as traded
action reconciliation,FRCB,2025-09-30,reviewed 2026-10-05: distressed or post-failure trading (sub-dollar); move of 287.0% is as traded
action reconciliation,FRCB,2025-10-01,reviewed 2026-10-05: distressed or post-failure trading (sub-dollar); move of -68.0% is as traded
action reconciliation,FRCB,2025-10-03,reviewed 2026-10-05: distressed or post-failure trading (sub-dollar); move of -55.0% is as traded
action reconciliation,FRCB,2025-10-06,reviewed 2026-10-05: distressed or post-failure trading (sub-dollar); move of 100.0% is as traded
action reconciliation,FRCB,2025-10-08,reviewed 2026-10-05: distressed or post-failure trading (sub-dollar); move of -50.0% is as traded
action reconciliation,FRCB,2025-10-15,reviewed 2026-10-05: distressed or post-failure trading (sub-dollar); move of 100.0% is as traded
action reconciliation,FRCB,2025-10-16,reviewed 2026-10-05: distressed or post-failure trading (sub-dollar); move of -65.0% is as traded
action reconciliation,FRCB,2025-10-23,reviewed 2026-10-05: distressed or post-failure trading (sub-dollar); move of 275.0% is as traded
action reconciliation,FRCB,2025-10-24,reviewed 2026-10-05: distressed or post-failure trading (sub-dollar); move of -70.0% is as traded
action reconciliation,FRCB,2025-10-27,reviewed 2026-10-05: distressed or post-failure trading (sub-dollar); move of 139.0% is as traded
action reconciliation,FRCB,2025-10-28,reviewed 2026-10-05: distressed or post-failure trading (sub-dollar); move of -53.0% is as traded
action reconciliation,FISV,2025-10-29,reviewed 2026-10-05: single-name event move of -44.0% with no split in the vendor table
action reconciliation,FMC,2025-10-30,reviewed 2026-10-05: single-name event move of -47.0% with no split in the vendor table
action reconciliation,FRCB,2025-11-03,reviewed 2026-10-05: distressed or post-failure trading (sub-dollar); move of 94.0% is as traded
action reconciliation,FRCB,2025-11-05,reviewed 2026-10-05: distressed or post-failure trading (sub-dollar); move of -73.0% is as traded
action reconciliation,FRCB,2025-11-06,reviewed 2026-10-05: distressed or post-failure trading (sub-dollar); move of 300.0% is as traded
action reconciliation,FRCB,2025-11-07,reviewed 2026-10-05: distressed or post-failure trading (sub-dollar); move of 150.0% is as traded
action reconciliation,FRCB,2025-11-12,reviewed 2026-10-05: distressed or post-failure trading (sub-dollar); move of -61.0% is as traded
action reconciliation,FRCB,2025-11-18,reviewed 2026-10-05: distressed or post-failure trading (sub-dollar); move of 100.0% is as traded
action reconciliation,FRCB,2025-11-19,reviewed 2026-10-05: distressed or post-failure trading (sub-dollar); move of -65.0% is as traded
action reconciliation,FRCB,2025-11-24,reviewed 2026-10-05: distressed or post-failure trading (sub-dollar); move of 117.0% is as traded
action reconciliation,FRCB,2025-11-25,reviewed 2026-10-05: distressed or post-failure trading (sub-dollar); move of -62.0% is as traded
action reconciliation,FRCB,2025-11-28,reviewed 2026-10-05: distressed or post-failure trading (sub-dollar); move of 188.0% is as traded
action reconciliation,FRCB,2025-12-01,reviewed 2026-10-05: distressed or post-failure trading (sub-dollar); move of 117.0% is as traded
action reconciliation,FRCB,2025-12-03,reviewed 2026-10-05: distressed or post-failure trading (sub-dollar); move of -50.0% is as traded
action reconciliation,FRCB,2025-12-08,reviewed 2026-10-05: distressed or post-failure trading (sub-dollar); move of -51.0% is as traded
action reconciliation,FRCB,2025-12-10,reviewed 2026-10-05: distressed or post-failure trading (sub-dollar); move of -46.0% is as traded
action reconciliation,FRCB,2025-12-16,reviewed 2026-10-05: distressed or post-failure trading (sub-dollar); move of 100.0% is as traded
action reconciliation,FRCB,2025-12-24,reviewed 2026-10-05: distressed or post-failure trading (sub-dollar); move of -50.0% is as traded
action reconciliation,FRCB,2025-12-29,reviewed 2026-10-05: distressed or post-failure trading (sub-dollar); move of 300.0% is as traded
action reconciliation,FRCB,2026-01-06,reviewed 2026-10-05: distressed or post-failure trading (sub-dollar); move of -58.0% is as traded
action reconciliation,FRCB,2026-01-07,reviewed 2026-10-05: distressed or post-failure trading (sub-dollar); move of 200.0% is as traded
action reconciliation,FRCB,2026-01-23,reviewed 2026-10-05: distressed or post-failure trading (sub-dollar); move of -73.0% is as traded
action reconciliation,FRCB,2026-01-27,reviewed 2026-10-05: distressed or post-failure trading (sub-dollar); move of 250.0% is as traded
action reconciliation,FRCB,2026-01-28,reviewed 2026-10-05: distressed or post-failure trading (sub-dollar); move of -67.0% is as traded
action reconciliation,FRCB,2026-01-29,reviewed 2026-10-05: distressed or post-failure trading (sub-dollar); move of 114.0% is as traded
action reconciliation,FRCB,2026-01-30,reviewed 2026-10-05: distressed or post-failure trading (sub-dollar); move of 80.0% is as traded
action reconciliation,FRCB,2026-02-03,reviewed 2026-10-05: distressed or post-failure trading (sub-dollar); move of -74.0% is as traded
action reconciliation,FRCB,2026-02-04,reviewed 2026-10-05: distressed or post-failure trading (sub-dollar); move of 100.0% is as traded
action reconciliation,FRCB,2026-02-09,reviewed 2026-10-05: distressed or post-failure trading (sub-dollar); move of -50.0% is as traded
action reconciliation,FRCB,2026-03-03,reviewed 2026-10-05: distressed or post-failure trading (sub-dollar); move of 300.0% is as traded
action reconciliation,FRCB,2026-03-04,reviewed 2026-10-05: distressed or post-failure trading (sub-dollar); move of -55.0% is as traded
action reconciliation,FRCB,2026-03-05,reviewed 2026-10-05: distressed or post-failure trading (sub-dollar); move of 122.0% is as traded
action reconciliation,FRCB,2026-03-09,reviewed 2026-10-05: distressed or post-failure trading (sub-dollar); move of -82.0% is as traded
action reconciliation,FRCB,2026-03-13,reviewed 2026-10-05: distressed or post-failure trading (sub-dollar); move of 650.0% is as traded
action reconciliation,FRCB,2026-03-16,reviewed 2026-10-05: distressed or post-failure trading (sub-dollar); move of -87.0% is as traded
action reconciliation,FRCB,2026-03-23,reviewed 2026-10-05: distressed or post-failure trading (sub-dollar); move of 80.0% is as traded
action reconciliation,FRCB,2026-03-24,reviewed 2026-10-05: distressed or post-failure trading (sub-dollar); move of 122.0% is as traded
action reconciliation,FRCB,2026-03-25,reviewed 2026-10-05: distressed or post-failure trading (sub-dollar); move of -75.0% is as traded
action reconciliation,FRCB,2026-04-13,reviewed 2026-10-05: distressed or post-failure trading (sub-dollar); move of 78.0% is as traded
action reconciliation,FRCB,2026-04-21,reviewed 2026-10-05: distressed or post-failure trading (sub-dollar); move of 150.0% is as traded
action reconciliation,FRCB,2026-04-22,reviewed 2026-10-05: distressed or post-failure trading (sub-dollar); move of -65.0% is as traded
action reconciliation,FRCB,2026-05-05,reviewed 2026-10-05: distressed or post-failure trading (sub-dollar); move of 82.0% is as traded
action reconciliation,FRCB,2026-05-06,reviewed 2026-10-05: distressed or post-failure trading (sub-dollar); move of -45.0% is as traded
action reconciliation,FRCB,2026-05-07,reviewed 2026-10-05: distressed or post-failure trading (sub-dollar); move of 82.0% is as traded
action reconciliation,FRCB,2026-05-12,reviewed 2026-10-05: distressed or post-failure trading (sub-dollar); move of -62.0% is as traded
action reconciliation,FRCB,2026-05-18,reviewed 2026-10-05: distressed or post-failure trading (sub-dollar); move of -73.0% is as traded
action reconciliation,FRCB,2026-05-19,reviewed 2026-10-05: distressed or post-failure trading (sub-dollar); move of 275.0% is as traded
action reconciliation,FRCB,2026-05-20,reviewed 2026-10-05: distressed or post-failure trading (sub-dollar); move of -47.0% is as traded
action reconciliation,FRCB,2026-05-27,reviewed 2026-10-05: distressed or post-failure trading (sub-dollar); move of 308.0% is as traded
action reconciliation,FRCB,2026-05-28,reviewed 2026-10-05: distressed or post-failure trading (sub-dollar); move of -74.0% is as traded
action reconciliation,FRCB,2026-06-04,reviewed 2026-10-05: distressed or post-failure trading (sub-dollar); move of -56.0% is as traded
action reconciliation,FRCB,2026-06-08,reviewed 2026-10-05: distressed or post-failure trading (sub-dollar); move of 200.0% is as traded
action reconciliation,FRCB,2026-06-11,reviewed 2026-10-05: distressed or post-failure trading (sub-dollar); move of -61.0% is as traded
action reconciliation,FRCB,2026-06-12,reviewed 2026-10-05: distressed or post-failure trading (sub-dollar); move of 107.0% is as traded
action reconciliation,FRCB,2026-06-16,reviewed 2026-10-05: distressed or post-failure trading (sub-dollar); move of -63.0% is as traded
action reconciliation,FRCB,2026-06-18,reviewed 2026-10-05: distressed or post-failure trading (sub-dollar); move of 100.0% is as traded
action reconciliation,FRCB,2026-06-23,reviewed 2026-10-05: distressed or post-failure trading (sub-dollar); move of -64.0% is as traded
action reconciliation,FRCB,2026-06-24,reviewed 2026-10-05: distressed or post-failure trading (sub-dollar); move of 175.0% is as traded
action reconciliation,FRCB,2026-06-25,reviewed 2026-10-05: distressed or post-failure trading (sub-dollar); move of -55.0% is as traded
action reconciliation,FRCB,2026-06-26,reviewed 2026-10-05: distressed or post-failure trading (sub-dollar); move of 120.0% is as traded
action reconciliation,FRCB,2026-07-02,reviewed 2026-10-05: distressed or post-failure trading (sub-dollar); move of -64.0% is as traded
action reconciliation,FRCB,2026-07-08,reviewed 2026-10-05: distressed or post-failure trading (sub-dollar); move of -43.0% is as traded
action reconciliation,FRCB,2026-07-14,reviewed 2026-10-05: distressed or post-failure trading (sub-dollar); move of 150.0% is as traded
action reconciliation,FRCB,2026-07-15,reviewed 2026-10-05: distressed or post-failure trading (sub-dollar); move of -60.0% is as traded
action reconciliation,FRCB,2026-07-16,reviewed 2026-10-05: distressed or post-failure trading (sub-dollar); move of 100.0% is as traded
action reconciliation,FRCB,2026-07-17,reviewed 2026-10-05: distressed or post-failure trading (sub-dollar); move of -63.0% is as traded
action reconciliation,FRCB,2026-07-21,reviewed 2026-10-05: distressed or post-failure trading (sub-dollar); move of 100.0% is as traded
action reconciliation,FRCB,2026-07-28,reviewed 2026-10-05: distressed or post-failure trading (sub-dollar); move of 100.0% is as traded
action reconciliation,FRCB,2026-08-17,reviewed 2026-10-05: distressed or post-failure trading (sub-dollar); move of 75.0% is as traded
action reconciliation,MRNA,2026-08-19,UNVERIFIED: +177% one-day move; accepted provisionally; needs a news check
action reconciliation,SBNY,2026-08-19,reviewed 2026-10-05: distressed or post-failure trading (sub-dollar); move of -56.0% is as traded
action reconciliation,FRCB,2026-08-20,reviewed 2026-10-05: distressed or post-failure trading (sub-dollar); move of 150.0% is as traded
action reconciliation,FRCB,2026-08-21,reviewed 2026-10-05: distressed or post-failure trading (sub-dollar); move of -60.0% is as traded
action reconciliation,FRCB,2026-08-25,reviewed 2026-10-05: distressed or post-failure trading (sub-dollar); move of 400.0% is as traded
action reconciliation,FRCB,2026-08-26,reviewed 2026-10-05: distressed or post-failure trading (sub-dollar); move of -70.0% is as traded
action reconciliation,FRCB,2026-08-28,reviewed 2026-10-05: distressed or post-failure trading (sub-dollar); move of 400.0% is as traded
action reconciliation,FRCB,2026-08-31,reviewed 2026-10-05: distressed or post-failure trading (sub-dollar); move of -75.0% is as traded
action reconciliation,FRCB,2026-09-08,reviewed 2026-10-05: distressed or post-failure trading (sub-dollar); move of -43.0% is as traded
action reconciliation,FRCB,2026-09-17,reviewed 2026-10-05: distressed or post-failure trading (sub-dollar); move of 350.0% is as traded
action reconciliation,FRCB,2026-09-18,reviewed 2026-10-05: distressed or post-failure trading (sub-dollar); move of -83.0% is as traded
action reconciliation,FRCB,2026-09-21,reviewed 2026-10-05: distressed or post-failure trading (sub-dollar); move of -67.0% is as traded
action reconciliation,FRCB,2026-09-25,reviewed 2026-10-05: distressed or post-failure trading (sub-dollar); move of 500.0% is as traded
action reconciliation,FRCB,2026-09-29,reviewed 2026-10-05: distressed or post-failure trading (sub-dollar); move of -50.0% is as traded
action reconciliation,FRCB,2026-09-30,reviewed 2026-10-05: distressed or post-failure trading (sub-dollar); move of 150.0% is as traded
action reconciliation,FRCB,2026-10-01,reviewed 2026-10-05: distressed or post-failure trading (sub-dollar); move of -80.0% is as traded
action reconciliation,FRCB,2026-10-02,reviewed 2026-10-05: distressed or post-failure trading (sub-dollar); move of 700.0% is as traded
